acc,test_sub
0.84,MSC01
0.78,MSC02
0.8333333333333334,MSC03
0.88,MSC04
0.88,MSC05
0.7291666666666666,MSC06
0.7959183673469388,MSC07
0.78,MSC10
