task,acc
glass,0.5625
semantic,0.671875
motor,0.828125
mem,0.890625
