task,acc
glass,0.8799342105263158
semantic,0.9125
motor,0.9871710526315789
mem,1.0
